<?xml version="1.0" encoding="UTF-8"?>
<project-private xmlns="http://www.netbeans.org/ns/project-private/1">
    <editor-bookmarks xmlns="http://www.netbeans.org/ns/editor-bookmarks/2" lastBookmarkId="0"/>
    <open-files xmlns="http://www.netbeans.org/ns/projectui-open-files/2">
        <group>
            <file>file:/C:/wamp64/www/shopping-cart/login.php</file>
            <file>file:/C:/wamp64/www/shopping-cart/register.php</file>
            <file>file:/C:/wamp64/www/shopping-cart/cart.php</file>
            <file>file:/C:/wamp64/www/shopping-cart/home.php</file>
            <file>file:/C:/wamp64/www/shopping-cart/add.php</file>
            <file>file:/C:/wamp64/www/shopping-cart/detail.php</file>
        </group>
    </open-files>
</project-private>
